{"meta":{"title":"Hexo","subtitle":"","description":"","author":"John Doe","url":"http://yoursite.com","root":"/"},"pages":[],"posts":[{"title":"如何使用hexo和github搭建个人博客","slug":"如何使用hexo和github搭建个人博客","date":"2020-11-04T01:33:40.009Z","updated":"2020-11-04T01:36:19.204Z","comments":true,"path":"2020/11/04/如何使用hexo和github搭建个人博客/","link":"","permalink":"http://yoursite.com/2020/11/04/%E5%A6%82%E4%BD%95%E4%BD%BF%E7%94%A8hexo%E5%92%8Cgithub%E6%90%AD%E5%BB%BA%E4%B8%AA%E4%BA%BA%E5%8D%9A%E5%AE%A2/","excerpt":"","text":"1. 在gihub上创建个人首页 成果展示：https://acgkaka.github.io/hexo官网地址：https://hexo.io/zh-cn/GitHub地址：www.github.com 登录GitHub，如果没有的话需要注册一个账号。 登录之后，点击Your repositories，进入仓库： 点击new创建一个名称为用户名.github.io的仓库： 创建完之后，将仓库克隆到到本地： 然后提交一个index.html文件： index.html 12345678&lt;html&gt;&lt;head&gt; &lt;title&gt;Welcome to ACGkaka&lt;/title&gt;&lt;/head&gt;&lt;body&gt; &lt;center&gt;&lt;h1&gt;Have a nice day.&lt;/h1&gt;&lt;/center&gt;&lt;/body&gt;&lt;/html&gt; 提交完之后访问用户名.github.io，就可以看到你的主页了： 2. 使用hexo官网地址：http://hexo.io 2.1 安装下载nodeJs之后，输入官网上的命令，进行安装： 1$ npm install hexo-cli -g 2.2 初始化新建hexo文件夹，比如我的是D:\\hexo，这个文件夹就是你存放hexo代码的地方，最好不要随便放。 输入命令： 12$ cd D:\\hexo$ hexo init hexo就会自动下载一些文件到这个目录 2.3 启动输入命令： 12$ hexo g # 生成页面$ hexo s # 启动服务 hexo s 是开启本地预览服务，打开浏览器访问 http://localhost:4000 就可以看到页面了： 2.4 部署修改 _config.yml 配置文件中的地址为git上的地址： 1234deploy: type: git repository: git@github.com:ACGkaka/ACGkaka.github.io.git branch: master 在hexo目录使用 git bash 打开当前目录： 1$ hexo d 如果出现如下错误提示： 1Deployer not found: github 或者 1Deployer not found: git 是因为还需要安装一个插件： 1npm install hexo-deployer-git --save hexo d执行成功之后，再访问我们github上的个人首页就可以看到效果了，部署成功。 2.5 常用hexo命令常见命令： 1234567$ hexo new \"postName\" #新建文章$ hexo new page \"pageName\" #新建页面$ hexo generate #生成静态页面至public目录$ hexo server #开启预览访问端口（默认端口4000，'ctrl + c'关闭server）$ hexo deploy #部署到GitHub$ hexo help # 查看帮助$ hexo version #查看Hexo的版本 缩写： 1234hexo n == hexo newhexo g == hexo generatehexo s == hexo serverhexo d == hexo deploy 组合命令： 12$ hexo s -g #生成并本地预览$ hexo d -g #生成并上传 2.6 _config.yml文件下面是hexo根目录的配置文件（_config.yml）解释： 1234567891011121314151617181920212223242526272829303132333435363738394041424344454647484950515253545556575859606162636465666768697071727374# Hexo Configuration## Docs: https://hexo.io/docs/configuration.html## Source: https://github.com/hexojs/hexo/# Sitetitle: Hexo #网站标题subtitle: #网站副标题description: #网站描述author: John Doe #作者language: #语言timezone: #网站时区。Hexo 默认使用您电脑的时区。时区列表。比如说：America/New_York, Japan, 和 UTC 。# URL## If your site is put in a subdirectory, set url as 'http://yoursite.com/child' and root as '/child/'url: http://yoursite.com #你的站点Urlroot: / #站点的根目录permalink: :year/:month/:day/:title/ #文章的 永久链接 格式 permalink_defaults: #永久链接中各部分的默认值# Directory source_dir: source #资源文件夹，这个文件夹用来存放内容public_dir: public #公共文件夹，这个文件夹用于存放生成的站点文件。tag_dir: tags # 标签文件夹 archive_dir: archives #归档文件夹category_dir: categories #分类文件夹code_dir: downloads/code #Include code 文件夹i18n_dir: :lang #国际化（i18n）文件夹skip_render: #跳过指定文件的渲染，您可使用 glob 表达式来匹配路径。 # Writingnew_post_name: :title.md # 新文章的文件名称default_layout: post #预设布局titlecase: false # 把标题转换为 title caseexternal_link: true # 在新标签中打开链接filename_case: 0 #把文件名称转换为 (1) 小写或 (2) 大写render_drafts: false #是否显示草稿post_asset_folder: false #是否启动 Asset 文件夹relative_link: false #把链接改为与根目录的相对位址 future: true #显示未来的文章highlight: #内容中代码块的设置 enable: true line_number: true auto_detect: false tab_replace:# Category &amp; Tagdefault_category: uncategorizedcategory_map: #分类别名tag_map: #标签别名# Date / Time format## Hexo uses Moment.js to parse and display date## You can customize the date format as defined in## http://momentjs.com/docs/#/displaying/format/date_format: YYYY-MM-DD #日期格式time_format: HH:mm:ss #时间格式 # Pagination## Set per_page to 0 to disable paginationper_page: 10 #分页数量pagination_dir: page # Extensions## Plugins: https://hexo.io/plugins/## Themes: https://hexo.io/themes/theme: landscape #主题名称# Deployment## Docs: https://hexo.io/docs/deployment.html# 部署部分的设置deploy: type: git repository: git@github.com:ACGkaka/ACGkaka.github.io.git branch: master 2.7 修改主题官方主题地址：https://hexo.io/themes/以yilia举例： 12$ cd /f/Workspaces/hexo/$ git clone https://github.com/litten/hexo-theme-yilia.git themes/yilia 效果如下：","categories":[],"tags":[]},{"title":"Hello World","slug":"hello-world","date":"2020-06-15T23:34:28.397Z","updated":"2020-06-15T23:34:28.397Z","comments":true,"path":"2020/06/16/hello-world/","link":"","permalink":"http://yoursite.com/2020/06/16/hello-world/","excerpt":"","text":"Welcome to Hexo! This is your very first post. Check documentation for more info. If you get any problems when using Hexo, you can find the answer in troubleshooting or you can ask me on GitHub. Quick StartCreate a new post1$ hexo new \"My New Post\" More info: Writing Run server1$ hexo server More info: Server Generate static files1$ hexo generate More info: Generating Deploy to remote sites1$ hexo deploy More info: Deployment","categories":[],"tags":[]}],"categories":[],"tags":[]}